loan_number_payments,loan_interest _rate,total_interest,loan_amount
20,3.359,4524.65,373732.18
15,3.508,12302.74,957230.24
15,3.896,27322.92,1916687.35
20,3.389,6196.4,496538.75
20,3.188,11439.05,1513242.57
20,3.86,3663.61,516746.19
15,3.669,4556.23,520650.57
20,3.758,4716.77,672363.91
15,3.058,13895.23,1976209.55
20,3.135,26676.78,4671969.67
20,4.288,11120.61,1656552.66
20,3.018,10498.93,1449044.81
20,3.818,7813.28,1036535.37
20,3.804,33222.32,3816216.9
15,4.148,12252.87,1492965.52
20,3.859,4357.64,623416.73
20,3.669,8053.16,981448.18
20,4.369,8633.28,1215967.68
20,3.249,7316.17,653493.12
15,4.029,4728.49,316462.94
15,4.159,8822.64,994724.64
20,3.939,6630.48,655757.87
15,3.799,7446.14,551393.34
20,4.148,10618.87,954822.78
20,3.739,4075.13,541295.17
20,3.4,2851.18,330631.67
20,3.798,9943,1143020.89
15,2.938,12720.67,730581.2
15,3.689,5855.16,433770
15,3.369,10343.61,973850.11
20,3.109,3788.87,331712.54
15,4.379,11563.7,1373671.91
15,2.848,13201.26,1879194.98
20,3.188,8799.27,803262.59
20,4.359,7375.75,1032484.97
20,3.159,8663.12,1522673.76
15,3.609,10443.59,886046.39
20,2.928,9201.7,851048.36
10,3.479,11755.72,543435.65
20,3.479,4628.16,568092.24
20,3.762,22790.9,3110691.22
20,4.619,7669.09,1092632.72
15,4.358,12502.97,1462455.39
20,4.269,8336.14,1202285.65
15,3.429,9461.63,885303.25
20,4.159,6881.18,638317.24
15,3.446,26153.22,3515080.68
15,3.119,10110.56,572381.62
15,3.009,6063.65,598571.97
20,2.998,10313.65,1426826.57
20,3.277,18148.64,1703811.82
15,2.919,4394.83,455417.01
20,3.879,7075.56,1010186.63
15,3.185,36010.98,3527506.07
15,4.378,12838.44,1499423.43
20,4.219,4959.19,703816.3
15,3.575,8622.86,967182.9
15,3.462,15913.47,1754596.04
15,3.068,13571.84,775250.05
15,3.524,28119.74,3083407.7
20,3.721,10349.15,1480922.01
20,3.358,9346.29,1108607.6
15,3.054,43462.49,2793000.53
30,4.224,30101.92,3880356.26
15,3.384,44232.78,5971603.31
30,4.274,30769.99,4113870.97
30,3.989,29894.19,5253597.52
30,3.114,26398.13,5088676.69
30,4.094,29318.67,3814462.04
30,3.784,28698.05,4592607.25
30,3.834,28873.8,4756183.9
30,4.664,31530.87,5632036.89
30,3.604,27469.61,3456856.83
30,3.474,26587.12,3626920.62
15,3.004,41715.84,4245218.71
15,3.314,40991.9,2446663.95
30,4.694,30614.64,5478395.09
30,3.354,25463.97,4654585.18
30,3.394,25006.88,3442394.89
30,4.744,30276.28,5384132.14
30,4.444,29401.45,5488182.55
30,3.244,24827.13,3524212.31
30,3.354,25172.96,4551044
30,3.745,25656.26,4209874.65
30,3.977,26708.66,4755322.75
30,4.385,27709.81,5239192.06
30,3.255,23855.64,3330992.64
30,3.695,25347.5,4066192.69
30,4.675,28496.07,5083558.94
30,3.605,25218,3551777.92
30,3.475,24226.84,4321792.39
30,3.755,25079.17,4032645.48
30,3.125,23466.41,3389489.75
30,4.064,26355.33,4555563.32
30,3.285,23801.7,3398053.42
30,3.465,24196.69,4371542.51
15,3.045,37034.31,2198084.02
30,4.565,27799.71,5028004.39
30,4.205,25512.57,3249531.82
30,3.345,24127.15,5405618.54
30,4.485,27039.77,3399136.53
15,3.497,38681.47,4367600.3
30,4.205,25996.99,3311231.8
30,3.495,24287.2,5339138.41
30,3.355,22847.69,4175701.83
30,3.215,21876.7,3211357.5
30,3.505,22686.36,3188718.43
15,3.575,36992.05,3335389.54
30,4.475,26174.46,3322613.25
30,3.795,23665.49,3875060.02
30,3.475,23045.04,3235261.78
30,4.105,24411.33,4853709.34
30,3.575,22884.17,2943656
30,3.726,22399.73,4246207.42
30,3.635,22451.73,2828989.43
15,4.145,36728.77,4476254.74
30,3.825,22364.21,3622060.97
30,3.134,20521.2,3984673.03
30,4.165,23783.93,4693728.52
30,3.825,22209.98,3574871.26
30,3.797,22595.31,4240926.7
30,4.069,23193.94,4029406.11
15,3.767,34357.44,3482132.15
15,3.795,33460.19,2412087.55
30,4.465,23812.44,4338000.92
30,4.665,24375.34,4353369.84
30,3.214,20730.2,3976522.31
15,3.605,32834.28,2524274.73
30,3.315,20561.31,4624316.07
30,3.157,19587.6,3770496.12
30,3.526,20364.45,3360226.09
30,4.526,22809.42,2777293.3
30,4.086,21649.51,3102431.37
30,3.17,19645.74,3774170.21
15,3.106,31387.4,3068179.5
30,3.296,19501.09,2894912.61
30,4.076,21852.15,3115610.53
30,3.636,19947.37,2512894.21
30,3.826,20866.46,3170279.33
30,3.856,21207.73,3354574.76
30,4.416,22275.77,3994484.65
15,3.606,31605.16,1449720.33
30,3.066,18660.8,2709528.44
30,4.076,20929.7,2983569.29
30,4.116,21262.86,2967388.57
30,3.256,19442.31,2811403.38
30,3.236,19638.48,3696183.94
30,3.198,19196.67,3691329.78
30,4.356,21640.3,4149237.32
30,3.396,20103.74,4536000
30,4.306,22341.85,4266239.67
30,3.426,18940.42,3139515.18
30,4.336,22066.25,4197271.25
30,4.376,22081,3958298.95
30,3.996,20385.33,3171192.11
30,4.256,20956.84,3774992.75
30,4.446,21750.41,3928492.54
30,4.446,21387.91,3798853.95
15,3.286,29416.57,1410842.5
30,3.576,18603.34,2355285.84
15,3.556,31690.79,4194164.44
30,3.436,19672.39,4396327.61
30,3.946,20191.27,3005141.56
30,4.356,21535.68,4086107.49
15,4.196,31166.22,1820533.59
30,4.466,20953.78,2664281.73
30,4.466,21922.74,3861699.73
30,4.546,22129.3,3967801.9
30,3.376,17933.67,2639240.27
30,3.606,18454.09,2598126.66
30,4.756,22300.23,3959796.83
30,3.376,18968.3,4252063.4
30,3.486,18786.73,2406261.05
30,4.606,21669.25,2685483.46
30,3.944,20029.89,3703222.86
30,3.826,19520.24,3160947.57
30,4.196,20162.33,2794286.27
30,3.996,19698.19,2867316.15
30,3.346,17972.09,2552371.94
30,4.786,21607.55,3844101.82
30,3.216,17368.37,3278528.63
30,4.046,19010.81,2781329.54
30,3.816,18824.14,3034320.39
30,3.966,19141.91,2992336.95
30,3.476,18051.51,2461518.79
30,3.186,17406.21,3997187.59
30,4.156,19263.52,2476708.99
15,2.816,27652.46,2922249.25
30,4.666,20798.16,3714027.56
30,3.226,17804.61,3391815.79
30,4.032,18820.62,3287098.99
15,3.516,28683.99,2631168.27
30,3.876,18962.27,3444169.77
30,3.314,17084.01,3244807.48
30,4.236,19772.52,3571232.11
30,3.736,17642.19,2439909.19
30,4.006,18690.02,3781169.85
30,4.646,20409.73,3694673.57
30,3.856,18240.59,2994211.14
30,4.356,19607.78,3720314.38
30,3.466,17599.78,2475218.11
30,3.576,17189.05,2210607.13
30,4.226,19189.76,3720102.36
30,4.816,20468.15,3607445.96
30,4.656,20092.9,3632792.26
30,3.365,16756.55,3158251.05
15,2.946,26790.23,1536459.47
15,3.896,27851.75,1730970.53
30,3.726,17288.1,2793154.52
30,3.352,16583.8,3131815.56
30,4.256,18844.91,2508856.47
30,3.656,16920.21,2731548.04
30,3.576,17297.84,3037597
30,4.186,17721.67,2460369.48
30,3.326,16556.15,3039529.24
30,3.286,16158.34,3647524.97
30,3.456,16398.86,2130506.74
30,3.606,16515.87,2292214.76
30,3.486,16137.49,2066938.63
30,3.866,17811.87,2954841.89
15,2.886,24828.46,2630861.52
30,4.526,18784.23,3357883.85
30,3.636,16577.14,2801142.77
30,4.086,17365.92,2662240.48
30,4.186,17458.05,2423768.94
30,3.146,15733.28,3615800.17
30,4.457,17180.87,2119434.63
30,4.456,18464.24,3256786.69
30,3.781,16400.84,3085177.33
15,3.886,26775.89,3433792.91
30,4.386,17997.63,3240047.32
30,3.367,15263.54,2128071.6
30,3.367,14521.57,2068188.37
30,3.657,15054.25,2068605.84
30,4.137,16657.12,3315400.19
30,3.167,14470.31,2101082.96
30,3.367,14521.57,2663572.62
30,4.064,15472.57,2674459.96
30,4.577,16687.88,2012409.25
30,4.387,16199.78,3045602.61
30,3.467,14704.09,2067560.7
30,4.472,15999.13,2816019.19
30,4.307,15928.29,2116948.18
30,4.557,16648.94,2081925.43
15,3.717,23683.14,1771962.24
30,4.477,16129.8,2837144.35
30,4.257,15715.8,3034841.95
30,3.487,13341.98,1708511.59
30,3.117,13557.15,2612156.91
30,3.457,14364.19,2555247.07
30,3.357,14185.79,2563453.65
30,4.327,15132.04,2019021
30,4.487,16148.75,2901322.53
30,3.607,13978.79,1939717.89
30,3.367,13249.6,2417017.38
15,3.257,20077.94,968673.83
30,3.763,13692.96,2582290.15
30,3.627,13684.92,2356808.93
30,3.587,13617.46,1883368.69
30,3.337,12566.27,2277951.56
30,4.427,14347.32,2569053.64
30,3.947,13547.86,2354729.19
15,2.867,19376.63,1088103.23
30,3.147,12474.81,2866575.57
30,4.677,15517.69,2782752.36
30,3.817,13671.58,2107705.06
30,4.557,14322.98,2521540.34
30,4.207,13860.54,1764738.48
30,3.487,12266.02,1570728.4
30,3.597,12543.56,2032473.55
30,4.467,14657.26,2654826.66
30,3.817,13223.33,2184056.64
30,3.467,11806.2,1967046.48
30,4.257,13116.2,2362327.44
30,4.228,11128.01,1422271.57
30,4.128,10879.45,1536835.65
15,3.358,15546.13,765755.65
30,3.538,10015.94,1659107.23
30,3.578,10065.7,1273823.96
30,3.858,10417.69,1657444.86
30,3.638,10140.59,1276925.18
30,3.608,9775.44,1229108.58
30,3.458,10184.84,1811497.38
30,3.598,10090.63,1402658.81
15,3.338,15100.53,912857.16
30,3.468,9821.84,1400431.23
30,4.118,10343.43,1339555.65
30,3.328,9862.35,1415562.5
15,3.463,16172.36,1815173.97
30,3.888,10116.67,1520766.37
30,4.468,11145.67,2029669.3
30,3.948,10418.31,1529227.92
30,3.608,9775.44,1229108.58
30,4.688,11746.35,2091804.71
30,3.817,10421.78,1846394.14
30,4.248,10623.37,1342000.3
30,4.013,10613.98,1859124.56
15,3.678,16238.83,1367103.03
30,3.408,10014.95,2225955.16
15,3.268,15871.95,954500
30,4.198,11088.26,1525086.43
30,3.248,9189.24,1284968.46
30,3.798,10621.23,1727695.94
30,3.86,10589.2,1959502.36
30,3.508,10248.4,1818821.85
30,3.248,9345.87,1316217.21
30,3.948,10646.04,1988495.13
30,3.748,10556.45,1889411.42
30,3.268,8793.69,1224568.09
30,4.298,10686.69,1433305.31
30,3.588,9914.73,1688263.33
30,3.588,9587.87,1555903.3
30,3.548,9648.92,1354437.63
15,3.178,15689.48,1537973.42
15,4.488,17060.96,2010207.46
30,4.388,10501.1,1889978.02
30,4.198,10501.58,1454895.61
30,3.478,9780.33,1391792.88
30,3.748,9278.56,1270993.58
30,3.808,10074.52,1605901.5
15,3.218,14723.41,715999.9
15,3.158,15583.96,1515137.98
30,4.508,11563.27,2141240.82
30,3.528,8813.91,1127492.02
30,4.288,10674.01,1359449.35
30,4.248,10387.3,1426438.35
30,4.076,10696.12,1867028.07
30,3.438,9838.65,2198161.35
30,3.688,9817.15,2077097.08
30,3.618,10006.24,2135962.58
30,4.418,10177.01,1254547.58
30,3.848,9392.63,1543761.22
30,4.078,10409.54,1483380.08
30,4.058,10384.53,1495390.31
30,3.358,8840.76,1597325
30,3.368,8851.84,1260445.03
30,3.278,8962,1263344.18
30,3.959,9575.94,1738297.68
15,3.298,14043.68,840418.26
30,3.388,9617.97,2143146.1
30,3.558,9280.96,1300242.15
15,3.478,14047.64,1195380
30,4.038,9381.14,1374369.01
15,3.388,14897.3,2010616.21
30,3.788,9714.93,1582823.56
30,4.258,10281.49,1985185.14
30,3.838,9212.66,1525792.11
30,4.138,10018.77,1432817.75
15,3.898,14985.57,931067.65
30,3.408,8949.53,1604321.77
30,4.478,10673.6,1919875.14
30,3.398,9470.39,2117059.22
30,3.348,9094.05,1281912.02
30,3.448,9476.16,1716524.99
30,3.498,8619.51,1437307.18
30,3.851,9171.01,1699211.83
30,4.498,9543.71,1168221.56
30,3.428,9025.31,1504531.75
15,3.571,15344.47,1737043.66
30,3.598,8408.86,1051158.3
30,3.408,9109.34,2042890.66
30,3.908,8734.34,1037706.11
30,3.688,9375.93,1983744.41
30,3.478,9135.48,1628903.51
30,4.078,9108.35,1297957.57
30,3.178,8487.29,1212631.6
30,3.438,8181.05,1091524.47
30,3.978,8951.58,1333953.66
30,3.548,8890.01,1247908.83
30,3.328,8121.94,1198245.1
15,3.238,12974.54,823011.06
30,3.488,8429.45,1079202.06
30,3.418,8445.12,1224390.55
30,4.118,9006.92,1256536.22
30,3.298,8056.35,1195492.04
30,4.658,10590.71,1850776.54
30,3.996,10020.88,1849478.02
30,4.108,9402.4,1868780.8
30,3.468,8453.22,1188382.73
30,3.248,7918.76,1123149.35
30,3.258,7946.17,1148575.2
30,4.128,9211.66,1218337.39
30,3.913,9807.3,1713129.91
30,3.86,9237.39,1709353.12
30,4.568,10418.97,1831620.64
30,4.038,8872.76,1282143.37
30,4.228,10362.59,2018736.71
30,3.368,8586.82,1935413.18
30,3.618,8292.96,1139976.89
30,3.147,8350.91,1609963.74
30,3.91,9747.06,1703358.77
30,3.208,8095.31,1181898.23
30,4.03,9103.78,1663301.65
30,3.898,9336.76,1503825.14
30,4.548,10333.5,1831663.53
30,4.248,9324.96,1280552.61
30,4.538,9710.68,1733207.69
15,4.248,14291.37,1628464.03
30,3.558,8367.34,1088572.22
30,3.918,9529.63,1434692.43
30,4.028,8766.27,1268958.96
15,3.621,13551.78,1486998.39
30,3.688,8180.96,1002808.75
30,3.698,8503.94,1448314.86
30,3.348,8406.71,1185023.32
15,3.508,14334.12,1115284.54
30,3.768,8540.13,1404453.3
30,3.358,8946.64,1634347.92
30,3.598,8136.14,1122836.5
30,4.308,9213.35,1178212.22
30,3.708,8403.82,1344982.43
30,4.178,8827.99,1227352.98
15,2.828,13019.04,1374219.47
30,3.708,8385.39,1333647.52
30,4.328,8937.31,1174388.64
30,3.408,8168.22,1488766.59
30,3.388,8147.82,1489643.88
30,4.072,8909.15,1538179.87
30,3.764,8628.73,1627024.22
30,3.338,7832.9,1153367.83
30,4.248,9856.13,1905438.71
30,3.648,8369.45,1143705.37
30,3.749,9113,1694610.06
15,3.798,13716.59,1770267.24
30,3.848,8717.71,1336937.47
30,4.076,8865.25,1547446.69
15,4.258,13999.91,1580001.79
30,3.649,9276.14,1777544.31
30,3.348,8565.32,1258774.19
30,3.728,8646.17,1456983.79
30,3.378,8066.86,1186717.73
30,3.608,8847.05,1245083.3
30,3.698,8513.14,1339211.44
30,3.902,8661.93,1584803.97
30,4.368,9757.95,1282701.76
15,3.643,13283.43,1507914.24
30,4.608,9390.14,1163299.83
30,3.778,8364.71,1373400.03
30,3.568,8640.36,1398218.71
30,3.728,9089.56,1440805.26
15,2.788,11839.51,686284.02
30,4.488,8925.36,1121374.39
15,3.718,12988.88,1088600.32
30,3.608,8191.71,1414989.63
30,3.468,8497.95,1398621.18
30,3.638,8496.17,1817519.15
30,3.838,8332.59,1305042.21
30,3.738,8268.34,1366314.84
30,4.278,8933.81,1148898.31
30,4.458,9226.73,1627011.97
30,4.328,9473.54,1813264.56
30,4.738,9897.56,1761434.14
30,3.988,9667.96,1960324.3
30,4.038,9093.38,1414050.87
30,3.648,8451.77,1797289.39
15,3.378,14376.62,1956116.89
30,3.028,7277.59,1072294.57
30,3.488,8016.95,1122593.41
30,3.838,8613.47,1417940.13
30,4.248,9206.92,1264343.08
30,3.325,8646.08,1630802.98
30,3.818,8181.54,1244744.8
30,3.158,8130.27,1166405.93
30,3.868,9302.77,1710219.72
30,4.228,9126.14,1239422.33
30,3.992,8527.94,1480994.12
30,4.076,8913.43,1555856.73
30,3.688,8686.53,1837880.85
30,3.878,8580.25,1412147.78
30,3.898,8582.28,1408050.75
30,3.408,8390.18,1227175.68
30,3.388,7527.87,1052602.82
30,4.528,8723.29,1061753.08
30,3.588,8008.05,1107339.57
30,3.217,7930.17,1520723.49
30,4.168,8914.87,1134640.25
30,3.408,8310.27,1140695.82
30,3.148,7836.41,1510543.5
30,3.268,8165.57,1161595.64
30,3.498,7649.82,1099664.28
30,4.198,8741.54,1237282.98
30,4.088,9022.8,1788794.83
30,3.348,7983.73,1133383.23
30,3.341,8557.81,1618803.38
30,3.698,8329.07,1418533.49
30,3.188,7306.24,1078275.94
30,3.228,7638.4,1454464.14
30,3.778,8866.59,1376004.74
30,4.608,9236.21,1689165.52
30,3.308,7365.05,1009780.32
30,3.588,7953.58,1099806.65
30,3.228,7291.2,1023792.31
30,3.448,8075.26,1462763.76
15,3.828,13861.62,994994.55
30,3.578,8379.02,1370396.02
30,4.438,9255.35,1636382.33
30,4.148,8631.13,1577484.05
30,4.168,8534.89,1094813.43
30,4.618,9657.95,1184627.72
30,3.678,8538.14,1817309.32
30,3.378,7430.01,1055879.46
15,4.128,14176.25,1644827.41
15,2.898,12753.77,1337095.41
30,4.138,8688.76,1729178.71
30,3.668,7885.77,994509.26
30,3.854,9060.69,1651118.75
15,3.712,13128.63,1403012.47
30,3.278,7512.01,1058943.46
15,4.188,13934.08,856745.89
30,3.618,8566.36,1383151.17
15,3.728,12271.62,904616.19
30,3.558,7707,979542.28
30,3.988,8628.7,1257763.22
30,4.258,8626.99,1553579.13
15,4.278,14169.49,1653288.15
30,3.488,8250.1,1163491.64
30,3.955,8489.86,1473875.01
30,3.388,7882.13,1772117.87
30,3.428,7521.1,1246255.37
30,3.981,8239.35,1466340.81
30,4.508,9534.62,1765584.53
15,3.448,12138.13,1109231.55
30,3.488,7577.54,970133.77
30,4.828,9537.63,1678473.21
30,3.168,8140.58,1556236.17
15,3.328,12009.92,1135533.75
30,3.778,7862.82,1283133.2
30,3.868,7940.24,1269167.2
30,4.118,8086.86,1144354.09
30,3.508,7389.64,1038049.67
30,4.348,8560.34,1112216.07
30,4.268,8726,1106824.16
30,3.328,7489.06,1104875.35
30,3.368,8056.77,1824000
30,3.328,7207.78,1063377.69
15,3.438,12813.15,608376.92
30,4.198,8115.75,1124360.67
30,4.678,9622.08,1734912.91
30,4.428,8983.2,1599352.75
30,4.568,8835.69,1562121.83
30,3.638,8550.98,1829245.08
30,3.478,7836.81,1397343.7
30,4.308,9213.35,1758653.17
30,4.258,9011.07,1208235.98
15,2.768,11415.24,664043.75
30,4.648,8918.44,1596223.35
30,4.288,8400.84,1078337.83
30,3.848,7874.06,1309919.2
30,3.468,8319.04,1477324.07
30,3.398,8025,1810000
30,3.608,7691.11,1082402.66
30,3.478,8060.72,1437267.8
30,4.368,8630.49,1626434.08
15,3.868,13268.94,801560.66
30,4.308,8123.6,1087595.37
30,3.938,7903.78,1280714.68
30,3.868,8034.21,1219913.26
30,4.658,9806.21,1752906.83
30,3.388,8236.38,1851763.62
30,4.108,8938.08,1776495.33
30,3.296,7616.59,1442953.06
30,3.845,8489.63,1548821.41
30,3.638,7582.6,1280869.85
15,3.918,12004.75,827681.45
30,3.678,7849.58,964290.26
30,4.568,8733.55,1578996.8
15,3.228,11295.76,695043.42
30,4.688,9477.88,1687831.84
30,3.358,8117.27,1466605.79
30,3.182,7464.66,1438878.43
30,3.902,8775.16,1579194.88
30,3.818,8349.65,1136727.36
30,3.408,7901.86,1440219.85
30,3.678,8400.42,1409978.82
30,3.981,8811.93,1532770.5
30,3.588,7535.92,1042054.25
30,3.948,7733.08,1150548.82
30,3.238,7995.68,1816012.95
30,3.758,7880.68,1266562.37
30,3.918,8555.87,1288091.91
30,3.787,8373.92,1565530.32
30,3.578,7662.63,1237904.87
15,3.338,12894.83,1179258.32
30,3.364,7328.69,1381509.66
30,3.328,7779.13,1427718.4
30,3.984,8519.7,1540928.68
30,4.488,8500.34,1501492.89
30,4.308,8519.87,1098049.45
30,4.648,9640.17,1744677.83
30,3.798,8152.26,1326082.41
30,3.798,7872.76,1280616.73
30,3.217,7411.09,1420967.4
30,4.508,8571.02,1587147.8
30,3.968,8512.74,1585694.14
30,3.638,7445.57,1257721.6
15,3.098,11347.37,633431.24
30,3.911,8643.06,1510206.61
30,4.138,8688.76,1242608.42
30,4.028,8277.65,1214785.41
30,3.764,8257.6,1557044.68
30,4.138,8348.97,1160618.91
30,4.468,8722.7,1536100.66
30,3.478,7845.76,1398940.66
15,3.068,12420.04,1057217.86
30,4.328,8520.23,1136624.29
30,3.217,7887.83,1512374.65
30,4.268,9169.69,1759133.38
30,3.398,7714.64,1061111.33
30,3.948,8160.06,1214076.06
30,3.608,7327.03,921259.22
30,4.168,8476.43,1672188.54
30,4.788,9064.17,1603101.67
30,3.768,8131.69,1117728.16
30,3.848,7545.97,915770.41
30,3.338,7656.88,1387783.44
30,3.888,8082.03,1214913.91
30,3.845,8527.11,1555659.47
30,4.418,8480.84,1045456.31
30,4.248,8360.99,1123091.84
30,4.378,7841.56,974041.68
30,3.988,7961.29,1598348.42
30,4.478,8945.21,1573205.43
30,4.116,7900.95,1371268.57
30,4.188,8731.11,1709420.02
30,4.268,8341.46,1099756.17
30,3.388,7395.03,1352013.74
30,4.448,8279.19,1470137.04
30,4.298,8658.2,1152584.53
30,3.488,7667.21,981614.64
30,3.358,7367.3,1655265.4
30,3.968,8370.07,1249425.58
30,4.398,8711.18,1104083.54
15,4.518,12637.57,1485711.54
30,4.448,8279.19,1503253.79
15,3.048,11058.56,1087306.03
30,3.608,7281.52,1010196.88
30,3.798,7378.96,1200294.02
30,3.792,8099.74,1513207.4
15,2.908,11692.26,651696.51
30,4.548,8611.25,1526386.27
30,4.158,8466.3,1189690.53
30,3.508,7956,1411980.12
30,2.998,6727.08,1320189.76
30,3.848,8267.76,1358879.63
15,3.633,12120.05,1376998.69
30,4.118,7747.89,1003412.47
30,3.838,7630.41,1195066.74
15,3.728,11763.33,867146.88
30,3.708,8062.87,1290416.25
15,3.718,11755.3,879415.99
30,4.248,7918.35,1055715.69
15,3.038,11840.22,1674479.33
15,3.958,11801.36,714898.03
30,3.319,6715.89,992728.72
30,4.448,8762.64,1555984.46
30,3.908,7412.39,880647.89
15,3.248,11592.43,734197.96
30,4.478,8490.37,1527173.4
15,2.898,11176.69,624097.79
30,3.478,7344.21,1030430.78
15,3.008,11677.33,662394.68
30,4.198,7822.41,1083721.13
30,3.338,7172.83,1300050
30,4.568,8835.69,1562121.83
30,3.258,7057.46,984828.85
30,3.998,8209.56,1194588.16
30,3.499,6958.46,1160326.11
30,4.037,8440.1,1464596.67
15,3.728,12344.24,1267951.77
30,3.998,8190.47,1191810.05
30,3.993,7822.99,1374018.21
30,3.868,7554.98,1207586.31
30,4.006,7510.41,1301625.34
30,3.588,7308.94,1244553.09
30,3.458,7504.62,1057116.65
30,3.538,7579.63,1672420.37
30,3.188,7513.51,1439459.68
30,3.288,7040.44,1004521.87
15,3.128,11217.75,645273.86
30,3.588,7535.92,966695.01
30,3.348,7084.9,1005783.8
30,3.248,7005.05,1588984.84
15,3.828,12574.89,1619400.88
30,3.848,7761.57,1275682.92
30,3.828,7434.09,898629.79
30,3.388,7350.75,1027835.69
15,3.628,11899.55,1019323.85
30,3.228,6727,1280920.13
30,4.668,8835.85,1595133.99
30,3.508,7146.91,939630.93
30,3.279,6638.52,1134966.01
30,3.479,6896.39,1229662.45
30,4.449,7554.89,963602.61
30,3.648,8140.77,1739296.13
30,3.928,7998.33,1498040.17
30,4.478,7984.99,1436270.22
15,3.648,12204.72,933307.59
30,4.318,7974.54,1001935.14
15,3.978,11521.94,776508.04
30,3.989,7246.2,1128705.15
30,4.136,8094.62,1376593.64
30,3.439,6844.28,967925.01
30,3.858,7930.58,1214165.07
30,3.801,7549.43,1416165.35
30,3.368,7332.37,1652667.63
30,4.489,7539.88,947128.95
30,3.539,6660.07,949854.15
30,3.398,7847.66,1754304.69
30,3.758,7324.4,1235753.17
30,3.958,8027.45,1264545.08
15,2.961,10950.45,1162932.48
30,3.649,7629.49,1462003.9
30,3.299,6393.34,916565.92
30,3.942,7585.24,1364857.52
30,4.173,7779.58,1339273.74
30,3.746,7128.49,1326145.45
30,3.568,7064.45,888877.63
30,3.93,7574.22,1380347.72
30,4.288,8203.17,1102184.22
30,3.949,7069.75,1058745.34
15,3.67,12367.75,1277128.9
30,3.819,7238.23,1115706.16
30,3.918,7884.64,1187037.19
30,3.938,7392.03,1168222.6
30,4.478,8035.53,1011442.17
30,3.458,7022.18,989159.15
30,3.848,7733.45,1402529.56
30,4.136,7686.98,1307268.78
30,3.768,7797.51,1282326.93
30,4.419,7627.74,940292.07
30,3.088,6651.29,968034.97
30,4.548,8509.34,1533850.55
30,3.188,7038.52,1615922.97
30,3.338,6917.6,1565082.4
30,4.229,7506.99,1027031.81
15,3.512,11376,1271471.87
15,4.169,10953.43,686306.12
30,4.118,8425.83,1672593.36
30,3.388,6952.21,1563047.79
30,3.738,7676.42,1199414.81
30,3.349,6609.87,931550.83
15,3.198,10992.26,701611.15
30,3.888,7516.86,1129954.9
30,3.289,6778.07,939974
30,4.218,7792.09,1099098.55
30,4.248,8026.55,1038035.43
15,4.229,11567.95,1354912.83
30,4.349,7267.19,958563.73
30,4.339,7258.6,959156.82
30,4.658,8546.89,1493609.14
30,3.058,6625.92,1288337.22
30,4.468,8631.84,1528731.45
30,4.188,8438.12,1652056.93
30,3.939,7221.44,1061827.77
30,4.468,8359.25,1522251.98
30,3.468,6977.26,1008796.38
30,3.608,7099.48,999140.92
30,4.478,8237.68,1036887.25
30,3.193,6740.51,1303860.55
30,4.429,7686.97,1399321.54
30,3.638,7308.53,1234573.35
30,3.089,6566.02,955624.27
15,3.219,10012.61,596953.48
30,3.817,7340.07,1366478.02
30,3.308,6996.8,959291.31
15,3.269,10764.22,518163.11
15,3.978,12038.95,811351.35
30,3.529,6984.44,984260.23
15,3.548,11475.87,1049158.12
30,4.248,8026.55,1110274.36
30,4.139,7329.62,1026245.06
30,3.872,7097.13,1325474.74
30,4.598,8712.92,1534454.47
30,3.728,7620.82,1261337.98
15,4.029,11043.02,639687.76
30,4.538,8652.08,1544262.62
30,3.338,7568.87,1689724.51
30,3.689,6757.02,1132149.13
30,3.899,7120.46,1068531.49
15,3.81,10880.02,1109199.28
30,4.138,8009.19,1593935.69
30,3.981,7382.97,1313745
30,4.388,8050.84,1038390.19
30,3.378,7031.97,999314.49
30,4.309,7084.22,934104.54
30,3.669,6968.82,1171559.05
30,3.75,7456.16,1386315.17
30,4.309,7084.22,941188.76
30,3.949,6832.51,1016384.46
30,4.278,7946.65,1069628.1
30,3.796,7218.81,1347873.32
30,3.868,7329.45,1112903.32
30,3.648,7244.37,1547778.13
30,3.439,6790.81,1225204.53
30,3.899,7129.89,1148375.56
30,4.279,7581.4,974976.69
30,3.649,6632.35,1105118
15,3.059,10539.29,1056271.1
15,3.559,10852.14,980245.1
30,3.529,6759.98,1114681.37
30,4.148,8115.98,1483332.41
30,3.741,7679.24,1429622.69
30,3.902,7265.45,1329301.81
30,4.339,7358.03,972295.96
30,3.438,7058.16,1584000
30,4.468,8177.53,1489159.54
30,3.839,7068.66,1163635.65
30,4.228,8292.03,1615371.71
30,3.568,7064.45,895942.07
30,2.978,6894.86,1357310.64
30,3.278,6856.89,973450.63
30,4.668,8370.8,1494437.97
30,3.764,7422.57,1392168.16
30,3.971,7278.02,1282547.43
30,4.529,7575.31,1353644.47
30,3.289,6297.83,873194.85
30,3.529,6813.21,960129.98
30,4.15,7388.77,1254004.26
30,3.478,7030.74,993479.72
30,4.339,7605.71,1012811.64
15,2.799,10281.71,1098731.52
30,4.077,7323.47,1278325.53
30,3.459,6433.33,886733.46
30,3.348,6873.41,975760.4
30,3.719,6597.42,1086933.97
30,4.609,7492.46,928035.15
30,3.86,6815.39,1199830.56
30,3.765,6792.48,1273810.58
30,3.349,6345.48,1167144.4
15,3.527,10485.3,1180896.83
30,3.599,6546.08,903221.12
30,4.229,7457.92,1027777.11
15,4.268,11975.72,1362461.38
30,3.529,6354.38,1047800.49
30,3.479,6851.61,1139458.33
30,3.589,6429.03,824529.34
15,3.89,11012.82,1103538.65
30,4.065,6928.85,1197490.21
30,3.769,6916.5,950513.29
30,3.279,6377.27,1090118.16
15,2.921,11056.52,1189852.11
30,4.439,7546.01,964233.34
30,3.239,6648.58,931627.42
30,3.189,6348.42,898642
30,3.229,6380.6,895745.77
30,3.979,7256.49,1132149.37
30,3.309,6226,1152281.81
30,3.819,7144.83,1179903.13
30,3.829,6827.1,1084509.37
30,3.799,6541.24,1063855.42
30,4.419,7287.35,1306252.93
30,3.839,6854.16,1128146.21
30,3.729,6744.1,1116050.81
30,3.839,6573.25,1088483.96
30,3.148,7088.86,1621644.56
30,3.762,6632.29,1231031.18
15,4.169,11296.84,1329250.59
15,3.659,9973.48,771617.54
30,3.269,6369.25,905875.52
30,3.419,6534.67,947226.35
30,4.139,7767.42,1343675.29
30,3.792,7485.27,1398412.35
30,4.299,6729.45,888938.29
30,3.599,6637,909128.86
30,3.499,6823.78,1499528.65
30,4.079,6882.69,1262815.49
15,3.899,10049.83,734860.63
30,3.659,6960.24,956220.36
15,4.529,11037.26,1285478.39
30,3.179,6262.75,919665.95
30,4.099,7362.18,957112.51
30,3.201,6574.33,1263601.22
30,4.479,7520.92,1352623.41
30,4.328,8043.57,1539564.25
30,3.909,6705.01,1004289.24
30,4.038,7481.89,1492662.95
15,3.079,10484.52,1489030.96
30,3.879,6887.62,1250483.75
15,3.989,10347.92,644602.18
30,3.829,6901.92,1048080.96
30,4.709,7413.87,1331619.63
15,3.033,10867.07,1157051.46
30,3.939,6682.06,1242948.39
15,4.008,11915.43,1478930.26
30,3.439,6096.44,813223.54
30,3.959,7505.86,1362329.97
30,3.839,6320.43,964453.56
30,3.569,6141.39,778708.94
30,4.148,7698.03,1406945.23
15,3.299,9941.24,833407.9
30,3.929,6626.64,1240960.74
30,3.668,7372.28,1563766.34
30,3.249,5656.97,790872.82
30,3.859,6382.78,1047243.58
30,3.519,6166.45,870517.42
15,2.969,8958.19,520637.3
30,3.368,7111.51,1595776.98
30,4.063,6927.18,1204475.74
30,3.509,6419.53,901598.18
30,4.179,7374.54,1025280.5
30,3.519,6319.49,1050108.69
30,3.239,6432.12,933269.64
30,3.879,6492.43,1178734.68
30,3.909,6572.8,984486.35
30,3.479,6270.23,1042597.13
30,3.889,7121.23,1070483.59
15,4.169,10250.14,590989.32
30,4.145,7627.26,1394573.13
30,4.099,6812.28,1355501.77
30,4.508,8033.43,1487598.88
30,3.149,6599.08,1509603.66
15,3.989,10126.17,630789.28
30,4.799,7344.47,1297177.44
30,3.479,6896.39,1540000
30,4.549,7694.07,1363812.59
30,3.229,5599.3,819658.44
30,3.779,7063.53,1159760.02
30,4.078,7518,1379568.02
30,3.819,6818.78,1125879.86
30,4.119,7360.5,1461116.04
30,4.099,6908.91,967103.22
30,3.169,6332.37,1210373.02
30,3.479,6583.74,1463416.26
15,3.839,10901.52,759598.01
30,3.839,6797.98,1098505.18
30,3.769,6684.4,1038936.05
30,3.787,7201.57,1346356.08
30,4.678,8070.13,1406667.44
30,4.063,6523.1,1134214.65
30,4.119,7119.23,921819.47
30,3.799,6615.79,1221526.42
30,3.689,6113.49,1024325.41
30,4.548,7948.85,1424869.63
30,3.099,6489,1494044.01
15,3.939,10239.22,1287607.76
30,3.399,6739.23,1499782.31
30,4.389,7151.59,1272664.97
30,3.262,6118.78,1165367.73
30,4.538,7939.55,1440906.71
30,3.629,6022.85,759875.01
30,3.931,6959.66,1247291.03
30,4.119,7167.66,1021269.9
30,4.329,6952.06,864691.31
30,3.589,5993.16,1020341.87
30,4.329,7001.72,919879.71
30,3.953,7215.59,1253023.28
30,4.169,6820.93,881609.05
30,3.069,5912.15,1372263.55
30,3.288,6865.53,1549403.42
30,4.479,7531.03,1369503.51
30,4.089,6948.87,1377460.16
30,3.189,5700.62,824045.71
15,3.049,8800.35,565972.23
30,3.649,6998.27,1341046.74
30,4.159,6472.14,831645.13
30,3.679,6565.07,1101746.34
30,4.249,7033.9,1359660.97
30,4.539,7075.17,859362.04
30,4.137,6455.12,1097615.77
30,3.289,6560.24,1224469.72
30,3.909,6893.89,1260077.31
30,3.129,5657.43,1088045.4
30,3.969,6392.47,1184188.37
15,3.659,10146.93,785036.98
30,4.349,6620.11,866592.05
30,4.249,6837.15,925073.75
30,4.499,6788.79,1190646.69
30,4.669,7286.54,1300701.84
30,3.319,6277.73,927781.4
30,3.319,5487.53,810997.73
30,4.259,6973.33,1346266.68
30,4.019,7034.12,1097191.83
15,4.179,10781.14,663758.17
30,3.439,6631.22,1481368.78
15,3.729,10544.15,1198940.43
15,3.799,9120.7,547706.29
30,4.819,8012.49,1419837.63
30,3.579,6076.45,768814.05
30,4.159,7153.42,1412772.65
15,3.549,10544.18,974423.48
30,3.958,6269.96,1156980.99
30,4.199,6649.84,841312.49
30,3.368,6537.29,1231582.96
30,3.459,6567.36,1443730.56
30,4.066,6544.7,1124390.72
30,3.559,6016.18,993093.75
30,3.849,6562.52,1078436.73
30,3.589,6401.79,885053.45
30,4.119,6857.71,881099.01
30,3.789,5630.51,691993.11
30,3.579,6257.83,1010787.87
30,3.813,6627.11,1207932.56
30,3.199,6053.77,891483.28
30,3.349,5596.36,760731.23
30,3.944,6486.95,1205826.17
30,4.389,6651.48,1256833.71
30,3.78,6879.33,1273620.12
30,3.949,6785.06,1009326.24
30,3.139,6265.41,1447469.18
30,3.589,5993.16,756642.72
30,3.221,6087.97,1172657.04
30,3.439,6239.05,1400000
15,2.867,9989.36,1060425.41
30,3.958,6440.96,1188535.02
30,4.229,7360.67,1426393.31
30,3.099,5678.6,1307285.62
30,4.209,6755.69,1319198.81
30,4.474,6566.84,1155529.5
15,3.699,10261.68,759252.5
30,3.549,5466.59,767206.13
30,4.299,6333.6,811313.39
30,3.719,6274.47,983531.63
30,3.827,6311.19,1179597.82
30,3.879,6445.38,1028394.7
30,3.499,5971.55,1330000
30,4.119,6247.49,890160.93
30,3.917,6049.83,1092455.39
30,4.389,7381.64,1328367.13
30,3.81,6811.29,1248849.97
30,3.619,5924.28,737193.63
30,3.909,6374.48,954782.02
30,4.459,6857.83,1250274.74
30,4.229,7007.36,1357926.43
30,3.764,6773.09,1270353.44
15,3.859,10022.54,1287819.66
15,4.509,10379.55,1210686.34
15,2.999,8631.67,870206.55
30,3.459,5852.54,824238.77
30,3.519,6166.45,858184.52
15,3.279,10054.25,975558.78
30,4.509,7182.24,1329813.14
15,3.819,10170.65,710566.22
30,3.138,5363.54,1040821.99
15,3.949,9361.61,661495.22
15,4.189,11013.16,1337842.03
30,3.229,5903.14,864136.03
30,3.699,5614.76,899958.54
30,3.489,5201.8,665829.17
30,3.359,6265.2,1407469.61
30,3.639,5893.23,1260533.84
30,3.781,5810.24,1075692.67
30,4.229,6869.96,1331300.42
30,4.339,6512.85,860613.31
15,4.009,8807.65,582271.85
30,3.249,5308.85,752821.42
30,3.861,6712.13,1242060.45
30,2.969,5921.07,1167236.17
30,4.369,6186.75,788367.27
30,3.779,6460.2,1054069.52
30,4.569,7355.42,1300246.93
15,4.229,10366.78,1193397.94
30,4.259,7150.62,1380493.8
30,4.429,6934.16,1255185.11
30,3.459,5986.57,843114.46
30,4.169,5700.35,736773.28
30,3.119,4922.56,711891.78
30,3.649,5214.4,644632.35
30,3.319,5619.23,1263142.31
30,3.419,5974.56,1344000
30,4.659,7432.94,1328505.91
30,4.469,7219.28,1285614.32
30,3.329,6118.59,1128900.62
30,3.759,5841.69,962073.65
30,3.749,5927.15,1060695.33
30,3.189,6262.05,1424951.8
30,4.559,7295.82,1305971.11
30,4.219,6469.67,1261772.94
30,4.539,6362.57,1154561.52
30,3.399,6429.67,1437140.65
15,3.339,8455.75,773212.58
30,3.299,5265.75,754911.31
15,3.35,8702.13,995042.47
30,4.439,6821.59,1205924.97
30,3.719,6366.74,1341799.53
30,3.337,6124.74,1159260
30,4.679,6777.63,1221890.81
15,3.669,9763.34,725146.1
15,3.656,9176.61,930465.35
30,3.911,5714.81,998551.91
30,3.149,5156.19,993752.46
30,3.769,5431.07,844135.54
30,3.848,6524.22,1183224.93
30,4.559,7193.78,1266124.45
30,3.689,6021.56,1273870.64
30,4.099,5507.8,715899.39
30,4.059,5866.04,850439.46
30,4.069,6450.78,1185181.19
30,3.799,5637.4,1040878.15
30,3.389,5535.89,1011956.55
15,3.999,9837.18,651234.38
30,3.799,5683.99,867592.92
30,3.239,5128.31,728708.42
30,4.119,6150.63,857908.11
30,3.389,5225.88,730573.97
30,3.309,5436.79,989907.54
15,3.129,8082.91,691191.11
15,3.624,9949.63,1071561.59
30,4.139,6874.16,1367880.86
30,3.939,6302.94,926611.83
30,4.309,5892.78,741648.44
30,3.499,5567.46,1223297.61
30,3.779,5437.72,914426.99
30,4.369,6635.79,1190648.45
30,4.399,6559.19,831178.83
30,3.849,5906.26,1100530.87
30,3.309,5357.87,734433.7
30,3.219,4818.43,706752.09
30,3.809,5669.94,903653.25
30,4.639,5819.25,711014.11
30,4.029,6726.41,1343462.35
30,3.969,5707.56,1057311.05
30,4.289,6919.16,1330808.4
30,3.399,5418.66,750576.31
30,3.459,4959.03,708318.84
30,3.934,6204.4,1130072.46
15,3.609,8282.84,379695.55
30,3.659,5495.61,886750.5
30,3.059,5437.35,1057068.79
30,3.221,5045.13,971785.23
30,3.829,5330.75,862800.94
15,3.199,7912.18,663181.53
15,3.679,9842.39,1123782.65
30,4.469,6159.11,751907.69
30,4.419,6273.55,1149623.23
30,4.459,6252.73,1108692.75
30,4.769,6534.91,1158511.19
15,3.219,8904.77,1270000
30,3.779,5528.35,902025.68
30,4.089,6225.03,891598.07
30,4.139,5679.92,812164.88
30,3.649,5168.66,871567.2
30,4.429,6180.45,1094030.16
30,3.669,5777.5,792022.88
30,3.559,5156.73,722305
15,3.229,8700.44,422158.43
30,4.089,6273.29,961242.54
30,3.559,5156.73,732618.46
15,3.949,9435.33,666703.85
30,4.539,6464.37,804565.61
30,3.924,6007.66,1083762.49
30,3.749,5658.58,871168.09
30,4.169,5763.69,1136890.49
30,3.499,5342.97,1173971.1
30,3.569,5117.83,710338.06
30,4.139,6311.03,1255822.82
30,4.399,5708,723315.93
15,4.179,8984.28,553131.81
30,4.449,6497.21,1212033.51
30,3.767,5847.42,1072882.64
30,3.989,6055.12,882472.12
30,3.239,4867.55,915562.83
30,4.239,6337.72,1232960.52
30,4.459,5798.9,1028223.12
30,4.019,6124.94,949252.98
30,3.429,5519.13,1240000
30,3.172,4826.49,926940.27
15,3.499,8720.97,766509.67
30,3.189,5052.83,740509.8
30,3.189,4793.71,707328.65
30,3.986,6242.82,1116472.67
30,4.479,6419.07,1167294.94
30,4.189,5665.15,1109013.61
30,3.964,5893.53,1033726.46
30,3.299,4816.9,680929.56
30,4.669,6252.99,1116205.12
30,3.639,5253.66,661410
30,3.849,5906.26,905624.15
30,4.789,6340.41,1127574.7
30,4.709,6230.15,1081627.21
30,3.679,5876.43,1250617.85
30,3.958,5619.22,1036900.39
30,4.569,5771.97,1020332.66
30,4.479,5913.63,750132.4
15,3.969,8562.37,509259.83
30,3.379,5031.36,679645.94
30,4.018,6172.05,1129526.66
15,2.799,7391.77,789829.01
30,3.989,6150.48,1142388.49
30,4.069,5632.4,1040454.78
30,3.919,5342.16,1092604.89
30,3.958,5224.97,964150.82
30,4.509,6289.53,1164525.63
30,4.079,5301.79,755383.62
30,3.639,5299.34,847338.95
30,4.119,4973.77,693757.19
30,3.729,5173.56,1094132.21
30,4.119,5472.6,708609.52
30,2.969,4722.16,930891.54
30,3.219,5635.59,1277457.65
30,4.209,5727.65,1118451.16
15,3.549,8248.85,655069.04
30,3.509,5214.75,685457.95
30,3.193,5098.59,981154.9
30,3.285,5420.41,1034024.55
30,3.849,5453.92,896257.95
30,4.479,5387.97,678065.99
30,4.029,5293.93,1067942.49
30,4.229,5839.46,792916.44
30,4.109,5313.67,1055990.63
30,4.659,5884.41,1028196.2
30,3.219,4762.07,693723.92
15,4.209,8143.48,987778.29
30,4.479,5322.27,669796.9
15,3.869,7386.39,542157.47
30,4.139,5582.83,1110920.19
15,4.389,9036.06,1018314.91
30,3.969,5612.43,1039689.2
30,4.339,6264.27,1191093.05
30,3.943,5547.38,1009125.99
30,3.869,5591.74,882454.41
15,4.449,8622.62,1010283.26
30,3.389,4260.42,595603.52
30,4.369,5588.03,1002651.33
15,3.019,7074,428783.83
30,3.449,5666.77,1270000
30,3.954,4906.72,851951.42
30,3.409,5238.97,870900.84
30,3.831,4861.99,883916.35
30,3.649,5440.81,912018.64
30,3.749,4660.69,764144.26
30,4.489,6274.8,1133328.47
30,3.827,5422.95,997311.5
15,3.019,6607.24,400491.64
15,3.869,8284.49,1063724.11
30,4.309,5697.1,734111.65
30,3.689,5194.17,1098834.98
30,3.549,5285.88,863419.12
30,3.459,4443.02,576856.14
30,3.259,4879.84,680813.97
15,3.689,7955.34,589358.5
30,3.397,4510.73,846092.29
30,4.043,5758.77,998443
30,3.469,5278.33,937196.86
30,4.529,6212.77,1103957.39
30,3.259,4879.84,705213.2
30,3.349,4362.52,593010.96
30,3.342,5239.23,990909.2
30,3.249,4308,606588.07
15,3.665,8676.15,948391.56
30,3.719,5351.76,865653.41
30,4.149,4998.97,913523.59
30,4.349,5624.61,713779.03
30,4.139,5388.64,1072279.49
30,3.989,5864.41,1188949.13
30,4.474,5483.31,964867.13
30,3.942,5404.48,1004887.89
15,4.229,9089.71,1046385.15
15,4.189,8229.91,999741.14
30,3.129,4714.52,680407.33
30,3.793,5540.15,1034875.76
30,3.638,5161.65,990635.41
30,3.599,5273.23,912157.99
30,3.639,4424.49,557022.25
30,4.119,5383.01,691625.39
30,3.319,4829.02,694361.9
30,3.399,4611.63,837088.36
30,3.239,4237.38,606348.15
30,4.449,5107.11,906750.74
15,3.919,8754.06,988656.59
30,3.649,5031.44,687422.33
30,3.975,5568.91,975088.18
30,3.639,4111.56,517625.22
15,3.479,8137.91,716828.7
30,3.679,5279.6,1123601.98
30,3.329,5318.6,1194044.19
30,4.077,5589.64,975542.04
15,4.139,6891.79,433682.88
30,3.459,4849.57,692684.78
30,3.359,5029.81,918688.55
30,3.539,5425.98,1197074.02
30,4.429,5878.96,1040662.83
15,3.579,8122.08,740140.05
30,3.539,4516.76,576424.79
15,3.649,7944.44,909333.4
30,4.349,5119.39,670142.8
30,3.429,4117.09,682091.7
15,4.239,8268.94,918083.32
30,3.339,4090.78,577692.55
30,3.289,3776.51,538719.78
30,4.079,5590.98,1115272.17
30,3.329,5142.78,1159714.44
30,4.449,5139.85,933122.63
30,3.559,5233.63,1130831.87
30,3.25,4025.66,767999.32
30,3.609,3914.3,542941.66
30,4.139,4859.49,675414.22
30,3.799,4023.05,549702.09
30,3.539,4020.41,509060.99
30,3.729,4143.47,685683.27
30,3.469,3712.72,477291.31
30,4.079,4217.33,600873.33
30,4.819,5263.4,932575.77
30,3.399,3948.71,550911.23
30,3.159,4069.95,583774.19
30,3.589,4063.55,561789.24
30,3.979,4381.09,814853.84
30,3.309,3904.41,722610.53
30,3.469,4768.39,856190.89
15,2.959,5718.92,372986.54
15,3.52,6929.57,773971.92
30,3.869,4123.32,683703.99
30,4.339,4730.52,587250.19
30,4.249,4761.41,658508.25
15,3.011,6116.33,646463.11
30,3.499,5028.68,1120000
30,3.369,4651.78,852973.61
30,3.149,4277.49,824400.48
30,3.889,4255.83,648150.17
30,3.299,3516.34,500594.92
30,3.829,4269.28,686728.32
30,3.469,3518.14,452276.65
30,3.909,5186.94,1062191.41
30,3.609,3930.23,541221.07
30,3.749,4033.24,721770.02
30,3.479,3829.32,521849.47
30,3.989,4300.57,669769.34
15,3.949,6648.96,835510.44
30,4.249,4402.34,850976.62
30,3.729,3833.98,634467.24
30,3.579,3741.1,473337.01
30,4.199,3926.34,543861.61
30,3.749,4190.68,749944.74
30,3.935,4049.93,737552.14
30,3.982,4296.93,747310.49
15,3.299,6553.46,549399.04
30,4.429,4647.9,832042.05
30,3.799,4057.99,493606.68
30,4.399,4488.79,568818.18
30,3.765,4198.9,791629.62
30,4.659,4764.31,851535.38
30,4.07,4850.71,832874.57
30,3.429,3525.12,584017.98
30,4.649,5047.5,903287.54
30,4.439,4260.98,753258.44
30,4.399,4556.39,818872.26
30,3.239,3800.6,714874.73
30,4.389,4593.52,863377.73
15,3.249,5937.14,506583
30,3.659,4156.05,525143.27
30,3.811,3823.65,700966.73
15,4.079,6172.32,688036.64
30,3.439,3565.17,514786.21
30,3.368,4076.97,768075.05
30,3.579,3809.12,489561.37
30,3.939,4478.4,671817.31
30,3.769,4177.75,686934.78
30,3.65,4554.01,872541.73
30,3.799,3906.58,639264.67
15,4.069,5529.04,340380.14
30,3.839,4503.89,745813.08
30,4.659,4261.04,744540.32
30,4.229,3913.42,500079.9
30,3.909,3867.19,579234.43
30,3.669,3851.66,658971.81
30,3.359,3712.79,670711.62
15,3.229,5079.94,302365.34
30,4.819,4679.75,829163.27
30,4.469,4470.4,813973.56
15,3.511,5723.38,622575.13
30,4.679,4889.21,881440.32
30,3.259,3616.31,511764.41
30,3.419,3445.15,485607.44
30,3.689,4373.67,925257.95
30,4.159,4136.33,713501.08
30,3.449,4263.47,772170.94
30,4.459,4714.76,859563.89
30,4.039,3554.33,513522.99
30,4.559,5040.75,887185.08
30,4.229,4129.34,527670.51
30,3.539,3930.17,650910.72
15,3.518,5676.03,634071.14
30,3.559,3148.32,406354.71
30,3.389,3135.53,444615.44
30,4.069,4255.59,854210.86
30,3.299,3897.31,878308.07
30,3.559,3408.42,443334.1
30,4.269,4018.38,770797.81
30,3.549,3636.86,597698.74
15,3.339,5716.11,276901.38
15,3.179,5653.22,294057.07
15,3.999,5979.97,742720.31
30,3.499,3681.71,808954.87
30,4.189,3841.07,544512.45
15,3.929,5741.85,401037.71
15,3.559,5272.12,444533.45
30,4.209,3913.89,764274.96
30,3.94,4467.1,799552.85
30,3.499,3793.96,632538.47
15,4.119,5853.47,691344.42
15,3.959,5705.61,642271.05
30,3.389,3281.68,596606.16
30,4.249,4193.29,810567.11
30,3.359,3814.27,856871.46
30,3.609,3379.5,465381.18
15,4.169,5835.85,680790.61
30,3.089,3368.71,490184.68
30,3.489,3766.82,482152.16
30,3.789,3089.8,379738.37
30,3.879,3669.63,578170.12
30,4.309,3760.09,503314.12
30,3.765,4361.29,817883.84
30,3.741,4045.48,753135.57
30,4.569,3933.11,695270.93
30,3.569,2966.53,376146.28
30,3.069,3372.9,779508.39
30,3.199,3681.99,836772.04
30,3.059,3617.11,703198.49
30,4.359,3887.07,741129.32
30,4.379,3993.67,495980.92
30,4.419,4767.9,873713.65
15,3.899,5083.69,356476.69
30,4.329,3773.98,684520.48
30,3.629,3764.28,471157.6
30,4.279,3652.93,491600.8
15,3.929,4917.38,304113.75
30,4.439,4399.32,795312.18
30,3.439,3736.75,838500
30,3.799,3261.3,533673.55
30,3.96,3458.82,617317.88
30,3.844,4005.38,746854.71
30,4.469,4265.94,542118.23
30,3.389,3117.82,566816.11
30,3.872,3722.92,695204.11
30,3.704,3638.02,691773.38
30,3.837,4247.7,784316.7
30,3.329,2852.7,420783.62
30,4.429,4597.65,823047
30,3.971,4029.56,742231.45
30,3.459,2850.32,401423.16
30,4.139,4029.35,531828.34
30,4.369,3866.72,508196.42
30,4.109,3482.79,497101.55
30,3.349,3326.97,488842.4
30,3.539,3573.7,452498.66
30,4.739,4774.82,854427.3
30,4.209,3500.23,483984.84
30,4.004,4229.55,745924.69
30,3.589,3895.56,663222.22
30,3.609,3313.5,413217.41
30,3.956,3590.11,623165.97
30,3.509,3259.22,542483.83
15,3.219,4280.6,220965.35
30,4.419,3638.66,666781.47
30,3.589,2996.58,486198.29
30,3.259,2919.19,407272.64
30,3.469,3256.46,431662.08
30,3.73,3534.16,669577.73
30,4.359,3637.9,689983.14
30,3.649,3874.2,645541.34
30,3.299,3187.91,450651.56
30,3.759,3361.29,556935.42
30,3.479,4120.43,920000
30,3.569,3328.85,462034.05
15,2.899,5036.72,527994.49
30,4.169,3020.7,390426.86
30,3.299,2627.4,371416.12
30,4.489,3848.37,679684.17
30,4.589,4533.65,817495.3
30,3.659,3315.68,455429.77
30,4.259,4097.32,791026.75
15,3.707,5329.42,553799.75
30,3.469,2929.92,520223.68
30,4.039,3866.11,558568.87
30,3.787,3147.2,582084.09
30,4.038,4062.29,704820.02
30,3.309,3134.92,580198.23
30,3.609,3254.33,448144.84
30,3.819,3853.08,636199.24
30,3.286,3390.37,646666.08
15,2.959,5264.43,317023.05
30,4.249,2911.94,367780.81
30,3.65,3330.31,638081.75
30,3.169,2481.25,360130.95
30,3.342,3390.09,641176.54
30,3.099,2698.4,391842.37
30,3.509,2892.84,406287.41
30,4.609,3530.69,645631.66
30,3.982,3953.94,687658.21
30,3.649,3389.36,419011.03
30,3.932,3724.1,693397.41
30,3.369,3110.02,700889.98
15,2.899,4714.42,263201.8
30,4.17,3457.17,585042.06
30,4.399,3585.03,468633.26
15,3.639,5225.31,389580.12
15,3.929,5749.21,407301.07
30,3.984,3144.86,578233.74
30,4.499,3399.46,609809.72
30,3.169,2677.26,383224.29
30,4.139,3422.52,451733.71
30,3.389,3875.13,871124.87
30,3.439,3899.41,875000
30,3.489,3085.2,552251
15,4.169,5446.79,640851.36
30,3.392,3606.33,676959.56
30,4.479,2906.27,354123.46
30,3.469,3272.12,433737.38
30,4.349,3504.18,458707.37
30,3.229,3229.37,734311.9
15,3.309,3986.3,250082.3
30,3.169,2670.79,507826.67
30,3.849,3377.35,406406.28
30,3.519,3870.91,860000
30,4.279,3731.91,502230
30,3.409,2881.43,478995.46
15,4.029,5039.77,291938.04
30,3.824,2944.15,538731.5
30,4.139,3650.69,507404.09
30,4.329,3687.08,484404.74
30,3.336,3475.53,657929.94
30,4.649,3634.82,650477.75
30,3.849,3281.26,519530.82
30,4.739,3352.54,599917.04
30,4.099,3135.58,623915.35
30,3.169,3036.95,437748.33
30,4.169,3429.96,676560.36
30,3.579,3478.09,610486.16
30,3.939,3009.3,475507.18
30,3.411,3175.25,597515.62
15,3.029,4871.52,489653.13
30,3.149,3308.55,637657.83
30,4.077,2891.19,504590.71
30,4.649,3856.52,697865.3
30,3.199,2782.57,637934.86
30,3.859,3214.86,511397.66
30,4.149,3555.42,649725.34
30,3.819,2578.06,392160.36
30,3.949,3418.63,621359.83
15,3.709,5467.93,715724.47
30,4.579,3150.16,559297.07
30,3.119,3505.72,811988.56
30,3.872,3635.96,657149.39
30,3.329,3602.14,815897.86
30,3.944,3637.06,639703.03
30,4.579,3436.54,606705.71
15,3.658,5636.8,633443.19
15,3.619,4072.18,365462.95
30,3.49,2295.97,321434.81
30,3.339,3582.46,803252.61
30,3.189,3264.9,625403.89
30,4.419,3939.79,702264.44
15,3.719,4789.52,358259.98
30,3.199,3251.74,615426.94
30,4.179,3487.71,484810.83
30,4.019,3502.7,542854.05
30,3.769,2655.19,364895.03
30,3.759,2983.07,554007.88
30,3.599,2818.45,388886.87
30,3.59,2415.43,391905.29
30,3.821,3527.01,656243.73
30,3.179,2622.42,385094.28
30,3.609,2753.66,475577.75
30,4.5,2533.43,309993.01
15,3.069,5065.51,724934.49
30,3.719,3019.59,503520.5
30,4.749,3692.84,656300.29
30,4.229,3066.95,416447.71
30,3.499,2716.38,605000
30,3.847,2886.8,523622.29
30,3.219,3123.42,589316.52
30,4.35,2449.23,320553.62
15,3.109,4522.93,270073.53
15,4.174,4651.54,519166.11
30,3.49,2098.92,293789.84
30,3.649,3496.85,747015.76
30,4.029,3066.17,618536.83
30,4.579,3477.45,610450.95
30,4.479,2805.18,496091.17
15,3.097,3670.95,388503.76
30,3.989,3599.7,729802.11
30,3.82,2391.24,397220.34
30,4.239,3217.99,429740.72
30,4.819,3575.54,633518.01
15,3.889,5439.96,692040.35
30,4.119,2886.44,408381.71
30,3.639,3124.78,668376.08
30,4.259,3127.16,400462.63
30,3.419,3056.18,687500
30,4.749,3155.6,560821.58
30,4.064,2463.3,428247.96
30,3.229,2669.44,390767.4
30,3.793,3251.93,607445.98
30,4.559,3622.4,637552.03
30,4.569,3616.42,639288.08
30,4.649,3361.56,604938.14
30,3.49,2098.92,266503.91
15,3.059,4611.26,655777.48
30,4.239,3399.77,613805.31
30,3.489,2959.64,529775.67
30,3.389,2679.37,602320.63
30,3.202,2617.09,502933.63
30,3.669,2916.26,466856.95
30,3.912,3155.34,551252.5
30,3.339,2882.69,643469.23
30,3.459,3180.93,699276.3
30,4.08,2120.97,302136.88
30,4.48,2779.91,352626.34
30,3.649,2698.68,576506.61
15,3.839,4060.63,282937.51
30,4.169,2825.82,557393.48
30,3.867,3147.52,585016.87
15,3.599,4433.69,345545.2
30,3.369,2584.32,579831.36
30,3.849,2695.32,445624.69
30,4.509,3185.34,589775.88
30,4.309,2972.4,391931.98
30,4.12,2634.6,367481.9
30,3.599,2545.7,318158.57
30,3.88,2804.32,506261.83
30,3.837,3089.24,570412.14
30,4.789,3563.2,633678.34
30,4.389,3108.19,587309.89
30,3.329,3046.11,689953.89
15,4.149,5013.56,610837.32
30,3.329,2483.48,557549.56
30,3.559,2551.22,357350.9
15,3.614,4236.5,482087.39
30,4.35,2568.4,336211.65
30,3.73,2494.39,412785.92
15,3.089,3835.68,552000
30,3.739,2737.95,452364.53
30,4.659,3303.53,577232.95
30,4.819,3391.5,600910.46
30,3.309,2578.09,469407.77
30,3.089,2746.14,633015.44
30,3.389,2869.81,645130.19
30,3.519,2921.19,649000
30,3.95,2334.72,435966.64
30,4.449,3130.24,568285.85
15,4.219,4173.95,480868.9
30,3.23,1962.17,285215.17
30,4,2596.83,481676.19
30,4.24,2260.23,301783.81
15,3.959,4352.05,489902.93
30,4.137,2737.36,465455.11
30,4.169,2942.75,580458.04
30,4.17,2241.43,318789.79
30,4.07,2503.29,462424.35
30,3.65,2177.51,465112.46
30,3.31,2350.1,437295.91
30,3.449,2659.37,590681.26
30,3.818,2540.39,472869.21
30,3.12,1900.78,436396.88
15,3.05,3076.87,197850.34
30,3.993,2137.01,375341.56
30,4.75,2753.98,489444.28
30,3.994,2328.1,404188.44
30,3.86,2102.82,433280.26
30,4.75,2503.91,444945.3
30,3.958,2184.99,403190.34
15,4.16,3349.84,394402.61
15,3.568,11707.09,1009524.1
10,4.117,32983.89,2646290.02
20,3.319,7875.69,639685.24
20,4.015,31309.38,4878215.54
20,3.589,4500.98,553952.73
15,4.158,11812.56,741307.98
10,3.82,105486.81,2807462.51
20,3.179,4536.99,442040.97
20,3.741,44052.35,6070377.02
15,3.919,10151.77,1288634.08
20,4.434,981383.99,143242008.1
10,2.648,118680.52,7634098.86
10,3.048,16724.01,791455.38
15,3.499,8578,942659.96
20,3.621,3804.42,542476.34
15,3.583,49464.82,3912110.71
20,3.204,32248.16,4322329.32
10,3.516,37880.41,2615826.75
15,3.898,13442.94,835222.45
15,3.638,14808.84,1326366.6
20,3.279,3298.27,293050.18
20,4.099,8006.85,1221924.69
20,3.01,2930.65,278894.35
20,3.599,5177.78,615755.47
20,3.749,9069.6,949545.68
15,4.049,6657.05,431006.63
15,2.828,11299.54,1192718.78
